claim_id,location,claim,claimed,computed,verdict
M1,§2.1,총 작품 수,3856274,3856274,PASS
M2,§2.1,원창 건수,2818576,2818576,PASS
M3,§2.1,파생 건수,572721,572721,PASS
M4,§2.1,미표기 건수,464977,464977,PASS
M5,§2.1,원창 비중 73.1%,73.1,73.091,PASS
M6,§2.1,파생 비중 14.9%,14.9,14.852,PASS
M7,§2.1,미표기 비중 12.1%,12.1,12.058,PASS
G1,표1,완결작 누락률(보정) 0.13%,0.13,0.132,PASS
G2,표1,연재·파생 누락률(보정) 14.46%,14.46,14.457,PASS
G3,표1,연재·원작 누락률(보정) 12.83%,12.83,12.831,PASS
G4,표1,완결 무일자 25.5%,25.5,25.5,PASS
G5,표1,연재·파생 무일자 92.6%,92.6,92.6,PASS
G6,표1,연재·원작 무일자 83.0%,83.0,83.0,PASS
G7,§2.2,누락분 기타연생 21.1% 대 포착분 13.6%,21.1,21.1,PASS
A1,§3.1,애정 2003년 80.8%,80.8,80.751,PASS
A2,§3.1,애정 2010년 88.2%,88.2,88.183,PASS
A3,§3.1,애정 2017년 81.9%,81.9,81.913,PASS
A4,§3.1,애정 2018년 74.2%,74.2,74.159,PASS
A5,§3.1,애정 2019년 68.1%,68.1,68.148,PASS
A6,§3.1,애정 2023년 59.5%,59.5,59.479,PASS
A7,§3.1,애정 2024년 56.4%,56.4,56.428,PASS
A8,§3.1,정점 대비 하락 31.8%p,31.8,31.755,PASS
A9,§3.1,2008–14 애정 하한 84.1%,84.1,84.125,PASS
A10,§3.1,2015–17 애정 하한 81.9%,81.9,81.913,PASS
A11,§3.1,2025–26 애정 58%대,58.0,58.195,PASS
J1,§3.1/표2,극정 2019년 5.0%,5.0,4.975,PASS
J2,§3.1,극정 2020년 9.0%,9.0,8.961,PASS
J3,§3.1,극정 2024년 14.6%,14.6,14.595,PASS
J4,표2/§4.3,극정 2018년 0.4%,0.4,0.41,PASS
X1,§3.1/§4.1,선협 2024–26 하한 6.95%,6.95,6.951,PASS
X2,§3.1/§4.1,선협 2024–26 상한 7.61%,7.61,7.611,PASS
D1,§3.2,동방연생 2009년 96.1%,96.1,96.093,PASS
D2,§3.2,동방연생 2010년 95.8%,95.8,95.817,PASS
D3,§3.2,동방연생 2017년 85.0%,85.0,85.045,PASS
D4,§3.2,동방연생 2018년 65.9%,65.9,65.88,PASS
D5,§3.2,동방연생 2019년 30.6%,30.6,30.591,PASS
D6,§3.2,2024 기타연생 34.8%,34.8,34.812,PASS
D7,§3.2,2024 경소설 24.0%,24.0,23.996,PASS
D8,§3.2,2024 동방연생 23.6%,23.6,23.585,PASS
D9,§3.2,2024 서방연생 14.3%,14.3,14.297,PASS
D10,§4.2,파생 경소설 2017 2.1%,2.1,2.135,PASS
D11,§4.2,파생 경소설 2018 10.2%,10.2,10.175,PASS
D12,§4.2/표2,파생 경소설 2019 25.5%,25.5,25.502,PASS
D13,§4.2,서방연생 2017 6.7%,6.7,6.741,PASS
D14,§4.2,서방연생 2019 12.0%,12.0,12.018,PASS
DO1,§3.2,파생 언정 2010 50.1%,50.1,50.115,PASS
DO2,§3.2,파생 언정 2017 52.0%,52.0,51.956,PASS
DO3,§3.2,파생 언정 2024 41.8%,41.8,41.835,PASS
DO4,§3.2,파생 순애 2010 44.1%,44.1,44.124,PASS
DO5,§3.2,파생 순애 2024 23.9%,23.9,23.942,PASS
DO6,그림3 캡션,파생 2003년 소표본 132건,132,132,PASS
DO7,§3.2,파생 2003–06년 순애 우위,"纯爱,纯爱,纯爱,纯爱","纯爱,纯爱,纯爱,纯爱",PASS
DO8,§3.2/결론,파생 2007년 이후 언정 일관 1위,OK,OK,PASS
DO9,§3.2,"파생 2006년 총 4,220건",4220,4220,PASS
O1,§3.3,원창 언정 2003년 89.1%,89.1,89.112,PASS
O2,§3.3,원창 언정 2010년 69.6%,69.6,69.553,PASS
O3,§3.3,원창 언정 2015년 61.3%,61.3,61.272,PASS
O4,§3.3,원창 언정 2020년 48.3%,48.3,48.259,PASS
O5,§3.3,원창 언정 2021년 45.8%,45.8,45.815,PASS
O6,§3.3,원창 언정 2022년 54.4%,54.4,54.443,PASS
O7,§3.3,원창 언정 2024년 44.8%,44.8,44.834,PASS
O8,§3.3,원창 언정 2026년 40.2%,40.2,40.188,PASS
P1,§3.3/§4.1,원창 순애 2010년 24.2%,24.2,24.211,PASS
P2,§3.3/§4.1,원창 순애 2021년 39.2%,39.2,39.217,PASS
P3,§3.3/§4.1,원창 순애 2022년 30.6%,30.6,30.601,PASS
P4,§3.3/§4.1,원창 순애 2024년 34.1%,34.1,34.054,PASS
P5,§3.3/§4.1,원창 순애 2026년 38.2%,38.2,38.201,PASS
P6,§3.3/§4.1,원창 순애 2015년 27.4%,27.4,27.409,PASS
P7,§3.3,순애 급락 8.6%p,8.6,8.616,PASS
P8,§3.3,언정 반등 8.6%p,8.6,8.628,PASS
P9,§3.3/§4.4/결론,다원 2024 4.0%,4.0,3.957,PASS
P10,§3.3/§4.4/결론,다원 2025 7.0%,7.0,6.975,PASS
P11,§4.4,다원 2023년분 0.3%,0.3,0.316,PASS
K0,표3,상위 10위 키워드 순서,"重生,快穿,穿越,喜欢,恋爱,穿书,爱情,世界,暗恋,反派","重生,快穿,穿越,喜欢,恋爱,穿书,爱情,世界,暗恋,反派",PASS
K1,표3,"重生 33,087건",33087,33087,PASS
K2,표3,"快穿 27,583건",27583,27583,PASS
K3,표3,"穿越 19,234건",19234,19234,PASS
K4,표3,"喜欢 16,352건",16352,16352,PASS
K5,표3,"恋爱 15,263건",15263,15263,PASS
K6,표3,"穿书 13,347건",13347,13347,PASS
K7,표3,"爱情 13,230건",13230,13230,PASS
K8,표3,"世界 12,338건",12338,12338,PASS
K9,표3,"暗恋 11,699건",11699,11699,PASS
K10,표3,"反派 10,433건",10433,10433,PASS
K11,§5.1,"장치 어휘군 합산 105,589건",105589,105589,PASS
K12,§5.1,"감정 어휘군 합산 56,544건",56544,56544,PASS
K13,§5.1,장치/감정 약 1.9배,1.9,1.867,PASS
B1,표4,2006 清宫 112건,112,112,PASS
B1x,표4,2006 清宫 22.4배,22.4,22.4,PASS
B2,표4,2013 女配 287건,287,287,PASS
B2x,표4,2013 女配 12.5배,12.5,12.5,PASS
B3,표4,2013 逆袭 143건,143,143,PASS
B3x,표4,2013 逆袭 14.8배,14.8,14.8,PASS
B4,표4,2014 快穿 466건,466,466,PASS
B4x,표4,2014 快穿 17.9배,17.9,17.9,PASS
B5,표4,2017 电竞 158건,158,158,PASS
B5x,표4,2017 电竞 12.8배,12.8,12.8,PASS
B6,표4,2018 佛系 178건,178,178,PASS
B6x,표4,2018 佛系 38.1배,38.1,38.1,PASS
B7,표4,2019 穿书后 211건,211,211,PASS
B7x,표4,2019 穿书后 27.5배,27.5,27.5,PASS
B8,표4,2020 团宠 352건,352,352,PASS
B8x,표4,2020 团宠 12.0배,12.0,12.0,PASS
B9,표4,2020 绿茶 434건,434,434,PASS
B9x,표4,2020 绿茶 10.9배,10.9,10.9,PASS
B10,표4,2022 摆烂 701건,701,701,PASS
B10x,표4,2022 摆烂 35.0배,35.0,35.0,PASS
B11,표4,2022 恋综 408건,408,408,PASS
B11x,표4,2022 恋综 13.2배,13.2,13.2,PASS
W1,§6.1,데뷔율 상한 97.2%,97.2,97.225,PASS
W2,§6.1,데뷔율 하한 85.0%,85.0,85.002,PASS
W3,§6.1,잔존율 하한 5.1%,5.1,5.072,PASS
W4,§6.1,잔존율 상한 11.6%,11.6,11.629,PASS
W5,§6.1,"잔존 8,269→22,508명",22508,22508,PASS
W6,§6.1,"극정 작가 6,654→99,434 (15배)",14.9,14.943,PASS
W7,§6.1,극정 신규 데뷔 93.7%,93.7,93.667,PASS
S1,§6.2/그림4,P1 2003–09 상위1% 65.64%,65.64,65.64,PASS
S2,§6.2/그림4,P2 2010–16 상위1% 74.88%,74.88,74.88,PASS
S3,§6.2/그림4,P3 2017–19 상위1% 67.63%,67.63,67.63,PASS
S4,§6.2/그림4,P4 2020–23 상위1% 74.95%,74.95,74.95,PASS
S5,§6.2/그림4,P5 2024–26 상위1% 73.22%,73.22,73.22,PASS
S6,§6.2,P4 상위10% 99.1%,99.11,99.11,PASS
S7,§6.2,"중앙값 P3 86,285점",86285,86285,PASS
S8,§6.2,"중앙값 P4 42,291점",42291,42291,PASS
S9,§6.2,연도 코호트 하한 64.9%,64.9,64.86,PASS
S10,§6.2,연도 코호트 상한 76.9%,76.9,76.94,PASS
S11,§6.2,priest 원창 작품 35편,35,35,PASS
S12,§6.2,墨香铜臭 원창 작품 3편,3,3,PASS
