market,year,year_total,genre,count,share_pct
原创,2003,2691,爱情,2173,80.751
原创,2003,2691,奇幻,156,5.797
原创,2003,2691,武侠,151,5.611
原创,2003,2691,传奇,119,4.422
原创,2003,2691,童话,41,1.524
原创,2003,2691,惊悚,20,0.743
原创,2003,2691,科幻,17,0.632
原创,2003,2691,悬疑,10,0.372
原创,2004,8186,爱情,6644,81.163
原创,2004,8186,奇幻,643,7.855
原创,2004,8186,传奇,331,4.043
原创,2004,8186,武侠,299,3.653
原创,2004,8186,童话,97,1.185
原创,2004,8186,科幻,78,0.953
原创,2004,8186,惊悚,53,0.647
原创,2004,8186,悬疑,39,0.476
原创,2005,20473,爱情,16724,81.688
原创,2005,20473,奇幻,1817,8.875
原创,2005,20473,武侠,706,3.448
原创,2005,20473,传奇,629,3.072
原创,2005,20473,童话,234,1.143
原创,2005,20473,惊悚,156,0.762
原创,2005,20473,科幻,129,0.63
原创,2005,20473,悬疑,61,0.298
原创,2006,30724,爱情,24709,80.422
原创,2006,30724,奇幻,2695,8.772
原创,2006,30724,传奇,1144,3.723
原创,2006,30724,武侠,1080,3.515
原创,2006,30724,童话,353,1.149
原创,2006,30724,惊悚,352,1.146
原创,2006,30724,科幻,178,0.579
原创,2006,30724,悬疑,139,0.452
原创,2007,48539,爱情,39417,81.207
原创,2007,48539,奇幻,4087,8.42
原创,2007,48539,传奇,1658,3.416
原创,2007,48539,武侠,1636,3.37
原创,2007,48539,惊悚,502,1.034
原创,2007,48539,童话,469,0.966
原创,2007,48539,游戏,282,0.581
原创,2007,48539,科幻,222,0.457
原创,2008,49349,爱情,41706,84.512
原创,2008,49349,奇幻,2807,5.688
原创,2008,49349,传奇,1517,3.074
原创,2008,49349,武侠,1230,2.492
原创,2008,49349,惊悚,459,0.93
原创,2008,49349,仙侠,407,0.825
原创,2008,49349,游戏,379,0.768
原创,2008,49349,童话,377,0.764
原创,2009,56284,爱情,48917,86.911
原创,2009,56284,奇幻,2424,4.307
原创,2009,56284,传奇,1234,2.192
原创,2009,56284,武侠,1204,2.139
原创,2009,56284,仙侠,704,1.251
原创,2009,56284,游戏,573,1.018
原创,2009,56284,惊悚,444,0.789
原创,2009,56284,童话,318,0.565
原创,2010,63021,爱情,55574,88.183
原创,2010,63021,奇幻,2568,4.075
原创,2010,63021,武侠,1111,1.763
原创,2010,63021,传奇,925,1.468
原创,2010,63021,仙侠,826,1.311
原创,2010,63021,游戏,804,1.276
原创,2010,63021,惊悚,428,0.679
原创,2010,63021,童话,271,0.43
原创,2011,63067,爱情,54876,87.012
原创,2011,63067,奇幻,2764,4.383
原创,2011,63067,武侠,1157,1.835
原创,2011,63067,仙侠,1110,1.76
原创,2011,63067,传奇,903,1.432
原创,2011,63067,游戏,779,1.235
原创,2011,63067,惊悚,477,0.756
原创,2011,63067,科幻,369,0.585
原创,2012,62738,爱情,54532,86.92
原创,2012,62738,奇幻,2644,4.214
原创,2012,62738,仙侠,1187,1.892
原创,2012,62738,武侠,1024,1.632
原创,2012,62738,传奇,913,1.455
原创,2012,62738,游戏,779,1.242
原创,2012,62738,科幻,539,0.859
原创,2012,62738,惊悚,485,0.773
原创,2013,79178,爱情,68218,86.158
原创,2013,79178,奇幻,3470,4.383
原创,2013,79178,仙侠,1798,2.271
原创,2013,79178,传奇,1503,1.898
原创,2013,79178,武侠,1206,1.523
原创,2013,79178,游戏,737,0.931
原创,2013,79178,科幻,733,0.926
原创,2013,79178,惊悚,633,0.799
原创,2014,75949,爱情,63892,84.125
原创,2014,75949,奇幻,3712,4.887
原创,2014,75949,仙侠,2570,3.384
原创,2014,75949,传奇,1514,1.993
原创,2014,75949,武侠,1163,1.531
原创,2014,75949,科幻,771,1.015
原创,2014,75949,游戏,699,0.92
原创,2014,75949,惊悚,648,0.853
原创,2015,86434,爱情,71312,82.505
原创,2015,86434,奇幻,4730,5.472
原创,2015,86434,仙侠,3243,3.752
原创,2015,86434,传奇,1591,1.841
原创,2015,86434,武侠,1370,1.585
原创,2015,86434,科幻,1044,1.208
原创,2015,86434,悬疑,975,1.128
原创,2015,86434,惊悚,782,0.905
原创,2016,100080,爱情,83336,83.269
原创,2016,100080,奇幻,5143,5.139
原创,2016,100080,仙侠,3229,3.226
原创,2016,100080,传奇,1854,1.853
原创,2016,100080,武侠,1396,1.395
原创,2016,100080,科幻,1147,1.146
原创,2016,100080,悬疑,1067,1.066
原创,2016,100080,惊悚,791,0.79
原创,2017,108871,爱情,89180,81.913
原创,2017,108871,奇幻,5366,4.929
原创,2017,108871,仙侠,3531,3.243
原创,2017,108871,轻小说,3036,2.789
原创,2017,108871,传奇,1914,1.758
原创,2017,108871,科幻,1279,1.175
原创,2017,108871,武侠,1246,1.144
原创,2017,108871,悬疑,1209,1.11
原创,2018,121770,爱情,90304,74.159
原创,2018,121770,奇幻,8478,6.962
原创,2018,121770,仙侠,6161,5.06
原创,2018,121770,轻小说,5214,4.282
原创,2018,121770,悬疑,2660,2.184
原创,2018,121770,传奇,2125,1.745
原创,2018,121770,武侠,2055,1.688
原创,2018,121770,科幻,1832,1.504
原创,2019,127934,爱情,87185,68.148
原创,2019,127934,奇幻,8835,6.906
原创,2019,127934,轻小说,7740,6.05
原创,2019,127934,仙侠,6933,5.419
原创,2019,127934,剧情,6365,4.975
原创,2019,127934,悬疑,2570,2.009
原创,2019,127934,科幻,1857,1.452
原创,2019,127934,武侠,1823,1.425
原创,2020,239831,爱情,159922,66.681
原创,2020,239831,剧情,21492,8.961
原创,2020,239831,奇幻,13705,5.714
原创,2020,239831,轻小说,13387,5.582
原创,2020,239831,仙侠,13078,5.453
原创,2020,239831,悬疑,4879,2.034
原创,2020,239831,科幻,3570,1.489
原创,2020,239831,武侠,2709,1.13
原创,2021,300759,爱情,199299,66.265
原创,2021,300759,剧情,28243,9.391
原创,2021,300759,轻小说,19801,6.584
原创,2021,300759,仙侠,15708,5.223
原创,2021,300759,奇幻,14958,4.973
原创,2021,300759,悬疑,5792,1.926
原创,2021,300759,科幻,4670,1.553
原创,2021,300759,惊悚,3517,1.169
原创,2022,341095,爱情,220523,64.651
原创,2022,341095,剧情,35947,10.539
原创,2022,341095,轻小说,23922,7.013
原创,2022,341095,奇幻,17408,5.104
原创,2022,341095,仙侠,17028,4.992
原创,2022,341095,悬疑,6984,2.048
原创,2022,341095,惊悚,5381,1.578
原创,2022,341095,科幻,5249,1.539
原创,2023,227206,爱情,135140,59.479
原创,2023,227206,剧情,29686,13.066
原创,2023,227206,仙侠,14437,6.354
原创,2023,227206,轻小说,14347,6.315
原创,2023,227206,奇幻,12335,5.429
原创,2023,227206,惊悚,5989,2.636
原创,2023,227206,悬疑,4750,2.091
原创,2023,227206,科幻,4012,1.766
原创,2024,199741,爱情,112710,56.428
原创,2024,199741,剧情,29152,14.595
原创,2024,199741,仙侠,13884,6.951
原创,2024,199741,奇幻,12044,6.03
原创,2024,199741,轻小说,10535,5.274
原创,2024,199741,惊悚,5842,2.925
原创,2024,199741,悬疑,5271,2.639
原创,2024,199741,科幻,3975,1.99
原创,2025,253090,爱情,147285,58.195
原创,2025,253090,剧情,35037,13.844
原创,2025,253090,仙侠,18191,7.188
原创,2025,253090,奇幻,14826,5.858
原创,2025,253090,轻小说,12609,4.982
原创,2025,253090,悬疑,6702,2.648
原创,2025,253090,惊悚,5831,2.304
原创,2025,253090,科幻,5225,2.064
原创,2026,151566,爱情,88432,58.346
原创,2026,151566,剧情,20937,13.814
原创,2026,151566,仙侠,11536,7.611
原创,2026,151566,奇幻,8703,5.742
原创,2026,151566,轻小说,7027,4.636
原创,2026,151566,悬疑,4507,2.974
原创,2026,151566,惊悚,3129,2.064
原创,2026,151566,科幻,2966,1.957
衍生,2003,132,其他衍生,91,68.939
衍生,2003,132,东方衍生,40,30.303
衍生,2003,132,轻小说,1,0.758
衍生,2004,512,其他衍生,448,87.5
衍生,2004,512,东方衍生,63,12.305
衍生,2004,512,轻小说,1,0.195
衍生,2005,1739,其他衍生,1491,85.739
衍生,2005,1739,东方衍生,247,14.204
衍生,2005,1739,古典衍生,1,0.058
衍生,2006,4220,其他衍生,3378,80.047
衍生,2006,4220,东方衍生,834,19.763
衍生,2006,4220,西方衍生,5,0.118
衍生,2006,4220,轻小说,2,0.047
衍生,2006,4220,古典衍生,1,0.024
衍生,2007,8980,其他衍生,6484,72.205
衍生,2007,8980,东方衍生,2449,27.272
衍生,2007,8980,西方衍生,27,0.301
衍生,2007,8980,轻小说,12,0.134
衍生,2007,8980,古典衍生,8,0.089
衍生,2008,15189,东方衍生,12465,82.066
衍生,2008,15189,其他衍生,2472,16.275
衍生,2008,15189,西方衍生,219,1.442
衍生,2008,15189,古典衍生,23,0.151
衍生,2008,15189,轻小说,10,0.066
衍生,2009,22808,东方衍生,21917,96.093
衍生,2009,22808,西方衍生,706,3.095
衍生,2009,22808,其他衍生,91,0.399
衍生,2009,22808,古典衍生,79,0.346
衍生,2009,22808,轻小说,15,0.066
衍生,2010,30813,东方衍生,29524,95.817
衍生,2010,30813,西方衍生,917,2.976
衍生,2010,30813,古典衍生,181,0.587
衍生,2010,30813,其他衍生,153,0.497
衍生,2010,30813,轻小说,38,0.123
衍生,2011,32342,东方衍生,30470,94.212
衍生,2011,32342,西方衍生,1332,4.118
衍生,2011,32342,古典衍生,277,0.856
衍生,2011,32342,其他衍生,214,0.662
衍生,2011,32342,轻小说,49,0.152
衍生,2012,30323,东方衍生,28614,94.364
衍生,2012,30323,西方衍生,970,3.199
衍生,2012,30323,其他衍生,490,1.616
衍生,2012,30323,古典衍生,212,0.699
衍生,2012,30323,轻小说,37,0.122
衍生,2013,32152,东方衍生,29709,92.402
衍生,2013,32152,西方衍生,1335,4.152
衍生,2013,32152,其他衍生,776,2.414
衍生,2013,32152,古典衍生,251,0.781
衍生,2013,32152,轻小说,81,0.252
衍生,2014,26930,东方衍生,24601,91.352
衍生,2014,26930,西方衍生,1289,4.786
衍生,2014,26930,其他衍生,672,2.495
衍生,2014,26930,古典衍生,282,1.047
衍生,2014,26930,轻小说,86,0.319
衍生,2015,25098,东方衍生,22555,89.868
衍生,2015,25098,西方衍生,1249,4.976
衍生,2015,25098,其他衍生,872,3.474
衍生,2015,25098,古典衍生,309,1.231
衍生,2015,25098,轻小说,111,0.442
衍生,2015,25098,(blank),2,0.008
衍生,2016,27174,东方衍生,24011,88.36
衍生,2016,27174,西方衍生,1495,5.502
衍生,2016,27174,其他衍生,1119,4.118
衍生,2016,27174,古典衍生,308,1.133
衍生,2016,27174,轻小说,241,0.887
衍生,2017,28807,东方衍生,24499,85.045
衍生,2017,28807,西方衍生,1942,6.741
衍生,2017,28807,其他衍生,1356,4.707
衍生,2017,28807,轻小说,615,2.135
衍生,2017,28807,古典衍生,395,1.371
衍生,2018,30281,东方衍生,19949,65.88
衍生,2018,30281,其他衍生,3494,11.539
衍生,2018,30281,西方衍生,3082,10.178
衍生,2018,30281,轻小说,3081,10.175
衍生,2018,30281,古典衍生,675,2.229
衍生,2019,28708,东方衍生,8782,30.591
衍生,2019,28708,其他衍生,7964,27.741
衍生,2019,28708,轻小说,7321,25.502
衍生,2019,28708,西方衍生,3450,12.018
衍生,2019,28708,古典衍生,1189,4.142
衍生,2019,28708,(blank),2,0.007
衍生,2020,40190,其他衍生,11915,29.647
衍生,2020,40190,轻小说,11719,29.159
衍生,2020,40190,东方衍生,10575,26.313
衍生,2020,40190,西方衍生,4493,11.179
衍生,2020,40190,古典衍生,1487,3.7
衍生,2020,40190,爱情,1,0.002
衍生,2021,39216,其他衍生,12796,32.63
衍生,2021,39216,轻小说,11739,29.934
衍生,2021,39216,东方衍生,8838,22.537
衍生,2021,39216,西方衍生,4468,11.393
衍生,2021,39216,古典衍生,1375,3.506
衍生,2022,42507,其他衍生,14940,35.147
衍生,2022,42507,轻小说,11225,26.407
衍生,2022,42507,东方衍生,9181,21.599
衍生,2022,42507,西方衍生,5594,13.16
衍生,2022,42507,古典衍生,1567,3.686
衍生,2023,34387,其他衍生,11533,33.539
衍生,2023,34387,轻小说,8883,25.832
衍生,2023,34387,东方衍生,8568,24.916
衍生,2023,34387,西方衍生,4198,12.208
衍生,2023,34387,古典衍生,1205,3.504
衍生,2024,28005,其他衍生,9749,34.812
衍生,2024,28005,轻小说,6720,23.996
衍生,2024,28005,东方衍生,6605,23.585
衍生,2024,28005,西方衍生,4004,14.297
衍生,2024,28005,古典衍生,927,3.31
衍生,2025,28871,其他衍生,9002,31.18
衍生,2025,28871,东方衍生,8166,28.284
衍生,2025,28871,轻小说,6432,22.278
衍生,2025,28871,西方衍生,4035,13.976
衍生,2025,28871,古典衍生,1236,4.281
衍生,2026,13337,其他衍生,4101,30.749
衍生,2026,13337,东方衍生,3507,26.295
衍生,2026,13337,轻小说,2931,21.976
衍生,2026,13337,西方衍生,1942,14.561
衍生,2026,13337,古典衍生,856,6.418
