market,genre,genre_total,keyword,count,pct_of_genre
原创,爱情,1962010,重生,33087,1.686
原创,爱情,1962010,快穿,27583,1.406
原创,爱情,1962010,穿越,19234,0.98
原创,爱情,1962010,喜欢,16352,0.833
原创,爱情,1962010,恋爱,15263,0.778
原创,爱情,1962010,穿书,13347,0.68
原创,爱情,1962010,爱情,13230,0.674
原创,爱情,1962010,世界,12338,0.629
原创,爱情,1962010,暗恋,11699,0.596
原创,爱情,1962010,反派,10433,0.532
原创,爱情,1962010,月光,10350,0.528
原创,爱情,1962010,娱乐,10169,0.518
原创,爱情,1962010,乐圈,9898,0.504
原创,爱情,1962010,娱乐圈,9890,0.504
原创,爱情,1962010,怎么,9670,0.493
原创,剧情,208032,快穿,4868,2.34
原创,剧情,208032,世界,3782,1.818
原创,剧情,208032,无限,3200,1.538
原创,剧情,208032,重生,3151,1.515
原创,剧情,208032,系统,2429,1.168
原创,剧情,208032,穿越,2368,1.138
原创,剧情,208032,游戏,2248,1.081
原创,剧情,208032,反派,1490,0.716
原创,剧情,208032,末世,1480,0.711
原创,剧情,208032,日常,1298,0.624
原创,剧情,208032,穿书,1279,0.615
原创,剧情,208032,大佬,1245,0.598
原创,剧情,208032,人生,1233,0.593
原创,剧情,208032,怎么,1144,0.55
原创,剧情,208032,炮灰,1098,0.528
原创,奇幻,156318,世界,4556,2.915
原创,奇幻,156318,快穿,4042,2.586
原创,奇幻,156318,穿越,2374,1.519
原创,奇幻,156318,重生,2087,1.335
原创,奇幻,156318,末世,1756,1.123
原创,奇幻,156318,系统,1751,1.12
原创,奇幻,156318,异世,1697,1.086
原创,奇幻,156318,反派,1547,0.99
原创,奇幻,156318,西幻,1449,0.927
原创,奇幻,156318,魔法,1289,0.825
原创,奇幻,156318,游戏,1264,0.809
原创,奇幻,156318,穿书,1153,0.738
原创,奇幻,156318,无限,1053,0.674
原创,奇幻,156318,拯救,998,0.638
原创,奇幻,156318,大佬,971,0.621
原创,仙侠,135663,修仙,5036,3.712
原创,仙侠,135663,师尊,3664,2.701
原创,仙侠,135663,反派,3541,2.61
原创,仙侠,135663,穿书,2780,2.049
原创,仙侠,135663,重生,2610,1.924
原创,仙侠,135663,修真,2169,1.599
原创,仙侠,135663,穿越,1921,1.416
原创,仙侠,135663,师兄,1574,1.16
原创,仙侠,135663,魔尊,1413,1.042
原创,仙侠,135663,穿成,1406,1.036
原创,仙侠,135663,月光,1279,0.943
原创,仙侠,135663,女配,1256,0.926
原创,仙侠,135663,仙界,1251,0.922
原创,仙侠,135663,系统,1235,0.91
原创,仙侠,135663,男主,1223,0.901
原创,轻小说,118745,世界,2047,1.724
原创,轻小说,118745,日记,1531,1.289
原创,轻小说,118745,快穿,1524,1.283
原创,轻小说,118745,日常,1419,1.195
原创,轻小说,118745,故事,1334,1.123
原创,轻小说,118745,生活,1154,0.972
原创,轻小说,118745,穿越,1146,0.965
原创,轻小说,118745,重生,1089,0.917
原创,轻小说,118745,青春,991,0.835
原创,轻小说,118745,系统,747,0.629
原创,轻小说,118745,喜欢,738,0.621
原创,轻小说,118745,人生,727,0.612
原创,轻小说,118745,恋爱,710,0.598
原创,轻小说,118745,怎么,672,0.566
原创,轻小说,118745,短篇,637,0.536
原创,悬疑,49800,无限,1204,2.418
原创,悬疑,49800,游戏,1041,2.09
原创,悬疑,49800,世界,688,1.382
原创,悬疑,49800,刑侦,542,1.088
原创,悬疑,49800,侦探,537,1.078
原创,悬疑,49800,死亡,402,0.807
原创,悬疑,49800,限流,377,0.757
原创,悬疑,49800,无限流,377,0.757
原创,悬疑,49800,深渊,291,0.584
原创,悬疑,49800,□□,290,0.582
原创,悬疑,49800,事件,274,0.55
原创,悬疑,49800,玫瑰,266,0.534
原创,悬疑,49800,重生,252,0.506
原创,悬疑,49800,犯罪,244,0.49
原创,悬疑,49800,探案,237,0.476
衍生,东方衍生,336169,同人,33092,9.844
衍生,东方衍生,336169,网王,18757,5.58
衍生,东方衍生,336169,家教,10201,3.034
衍生,东方衍生,336169,火影,9308,2.769
衍生,东方衍生,336169,综漫,8862,2.636
衍生,东方衍生,336169,猎人,6739,2.005
衍生,东方衍生,336169,穿越,6584,1.959
衍生,东方衍生,336169,世界,6101,1.815
衍生,东方衍生,336169,——,4883,1.453
衍生,东方衍生,336169,**,4545,1.352
衍生,东方衍生,336169,***,4536,1.349
衍生,东方衍生,336169,死神,4416,1.314
衍生,东方衍生,336169,娱乐,3234,0.962
衍生,东方衍生,336169,全职,3200,0.952
衍生,东方衍生,336169,乐圈,3195,0.95
衍生,其他衍生,105601,同人,8130,7.699
衍生,其他衍生,105601,世界,3651,3.457
衍生,其他衍生,105601,网王,2538,2.403
衍生,其他衍生,105601,穿越,2040,1.932
衍生,其他衍生,105601,火影,1777,1.683
衍生,其他衍生,105601,猎人,1705,1.615
衍生,其他衍生,105601,综漫,1500,1.42
衍生,其他衍生,105601,原神,1449,1.372
衍生,其他衍生,105601,日常,1333,1.262
衍生,其他衍生,105601,快穿,1329,1.259
衍生,其他衍生,105601,今天,1279,1.211
衍生,其他衍生,105601,文野,1266,1.199
衍生,其他衍生,105601,斗罗,1250,1.184
衍生,其他衍生,105601,咒回,1216,1.152
衍生,其他衍生,105601,全职,1176,1.114
衍生,轻小说,71350,同人,3034,4.252
衍生,轻小说,71350,世界,2544,3.566
衍生,轻小说,71350,原神,1485,2.081
衍生,轻小说,71350,穿越,1302,1.825
衍生,轻小说,71350,文野,1239,1.737
衍生,轻小说,71350,日常,1067,1.495
衍生,轻小说,71350,今天,1044,1.463
衍生,轻小说,71350,综漫,1025,1.437
衍生,轻小说,71350,恋爱,995,1.395
衍生,轻小说,71350,咒回,968,1.357
衍生,轻小说,71350,火影,959,1.344
衍生,轻小说,71350,柯南,910,1.275
衍生,轻小说,71350,少年,868,1.217
衍生,轻小说,71350,网王,810,1.135
衍生,轻小说,71350,鬼灭,762,1.068
衍生,西方衍生,46752,英美,7220,15.443
衍生,西方衍生,46752,综英,7126,15.242
衍生,西方衍生,46752,综英美,7117,15.223
衍生,西方衍生,46752,同人,1878,4.017
衍生,西方衍生,46752,世界,1151,2.462
衍生,西方衍生,46752,霍格,907,1.94
衍生,西方衍生,46752,格沃,894,1.912
衍生,西方衍生,46752,霍格沃,894,1.912
衍生,西方衍生,46752,哥谭,847,1.812
衍生,西方衍生,46752,魔法,807,1.726
衍生,西方衍生,46752,［］,800,1.711
衍生,西方衍生,46752,足球,752,1.608
衍生,西方衍生,46752,蝙蝠,710,1.519
衍生,西方衍生,46752,哈利,637,1.363
衍生,西方衍生,46752,［综,624,1.335
衍生,古典衍生,12844,红楼,2523,19.643
衍生,古典衍生,12844,同人,809,6.299
衍生,古典衍生,12844,西游,587,4.57
衍生,古典衍生,12844,三国,441,3.434
衍生,古典衍生,12844,甄嬛,434,3.379
衍生,古典衍生,12844,重生,388,3.021
衍生,古典衍生,12844,黛玉,357,2.78
衍生,古典衍生,12844,穿越,346,2.694
衍生,古典衍生,12844,〈甄,288,2.242
衍生,古典衍生,12844,〈甄嬛,288,2.242
衍生,古典衍生,12844,魔道,192,1.495
衍生,古典衍生,12844,聊斋,154,1.199
衍生,古典衍生,12844,嬛〉,153,1.191
衍生,古典衍生,12844,甄嬛〉,153,1.191
衍生,古典衍生,12844,楼梦,152,1.183
